upc,category,unit_label,name,threshold,reorder_amount,image
000000000000,Bleeding,Container of,Sterile Water (250mL),25,50,https://rescue-essentials.com/cdn/shop/files/61-2223-Sterile-Water-for-Irrigation-250mL-hand__08152.1717514537.1280.1280.jpg?v=1774439779&width=1280
000000000017,Bleeding,Package of,Combine Pad - 5x9,100,200,https://firstaidsuppliesonline.com/wp-content/uploads/2021/10/IMG_3509.jpg
000000000024,Bleeding,Package of,Gauze Pad - 4x4,500,1000,https://cdn11.bigcommerce.com/s-tumf4kk1l4/images/stencil/1280x1280/products/3394/6183/dynarex-sterile-gauze-pads-4-x-4-100-pack-17__83064.1640715500.jpg?c=1?imbypass=on
000000000031,Bleeding,Package of,Multi-Trauma Dressing - 12x30,20,40,https://firstaidsuppliesonline.com/wp-content/uploads/2017/12/p-16607-061967_multiTraumaDressing_10x30.jpg
000000000048,Bleeding,Package of,Chest Seal,20,40,https://m.media-amazon.com/images/I/81VlcPFoBWL.jpg
000000000055,Bleeding,Package of,"Roller Gauze - 2""",60,120,https://firstaidsuppliesonline.com/wp-content/uploads/2022/04/05-1820-Dynarex-Front.png
000000000062,Bleeding,Package of,"Roller Gauze - 4""",60,120,https://firstaidsuppliesonline.com/wp-content/uploads/2022/04/05-1840-Dynarex-Front.png
000000000079,Bleeding,Each,Tourniquet,5,10,https://veralph.com/contentonly.aspx?file=images/subcategory/C-A-T%20Tourniquet.jpg
000000000086,Bleeding,Box of,Band-Aids,3,6,https://veralph.com/contentonly.aspx?file=images/subcategory/Dynarex%20Sheer%20Plastic.jpg
000000000093,Tape,Roll of,"Clear Tape - 1""",10,20,https://cdn.shopify.com/s/files/1/1812/6055/products/3572_500x.jpg?v=1543877019
000000000109,Glucose,Individual,Lancet,10,20,https://images-na.ssl-images-amazon.com/images/I/41bl36MUTlL.AC_.jpg
000000000116,Glucose,Bottle of,Glucometer Test Strips,10,20,https://theemssuperstore.com/wp-content/uploads/2019/07/4386.jpg
000000000123,Tape,Roll of,"Cloth Tape - 2""",10,20,https://cdn.shopify.com/s/files/1/1812/6055/products/3563_500x.jpg?v=1543877185
000000000130,Tape,Roll of,"Cloth Tape - 3""",10,20,https://cdn.shopify.com/s/files/1/1812/6055/products/3564_500x.jpg?v=1543877195
000000000147,Oral Airway,Each,Pink Oral Airway - 40mm,5,8,https://cdn.mysagestore.com/e795745c6a03d6dde051c5f1393dbe3d/contents/EM84054717/EM84054717.jpg
000000000154,Oral Airway,Each,Blue Oral Airway - 50mm,5,8,https://www.henryschein.com/Products/8264013_US_front_01_600x600.jpg
000000000161,Oral Airway,Each,Black Oral Airway - 60mm,10,15,https://mainlinemedical.com/wp-content/uploads/1-2450-01_Web-2.jpg
000000000178,Oral Airway,Each,White Oral Airway - 70mm,10,15,https://medicalmonks.com/wp-content/uploads/2019/01/medline_DYND60420.jpg
000000000185,Oral Airway,Each,Green Oral Airway - 80mm,10,15,https://m.media-amazon.com/images/I/61DK4hZuHgL._SL1500_.jpg
000000000192,Oral Airway,Each,Yellow Oral Airway - 90mm,10,15,https://m.media-amazon.com/images/I/51r6eGLHo6L.jpg
000000000208,Oral Airway,Each,Red Oral Airway - 100mm,10,15,https://m.media-amazon.com/images/I/617JQC3BuAL._SL1500_.jpg
000000000215,Oral Airway,Each,Orange Oral Airway - 110mm,5,8,https://cdn11.bigcommerce.com/s-xe1mvjh/images/stencil/1280x1280/products/1275/5039/Berman_Airway_6__27175.1611765065.png?c=2
000000000222,Oral Airway,Container of,Complete Kit,5,8,https://veralph.com/contentonly.aspx?file=images/subcategory/Berman%20Oral%20Airways.jpg
000000000239,Nasal Airway,Each,Nasal Airway - 20Fr,10,15,https://cdn11.bigcommerce.com/s-5t8r4xtx7v/images/stencil/500x659/products/5916/12224/IMG_7581_23__01763.1737401626.jpg?c=1
000000000246,Nasal Airway,Each,Nasal Airway - 22Fr,10,15,https://cdn11.bigcommerce.com/s-5t8r4xtx7v/images/stencil/500x659/products/5916/12224/IMG_7581_23__01763.1737401626.jpg?c=1
000000000253,Nasal Airway,Each,Nasal Airway - 24Fr,10,15,https://cdn11.bigcommerce.com/s-5t8r4xtx7v/images/stencil/500x659/products/5916/12224/IMG_7581_23__01763.1737401626.jpg?c=1
000000000260,Nasal Airway,Each,Nasal Airway - 26Fr,10,15,https://cdn11.bigcommerce.com/s-5t8r4xtx7v/images/stencil/500x659/products/5916/12224/IMG_7581_23__01763.1737401626.jpg?c=1
000000000277,Nasal Airway,Each,Nasal Airway - 28Fr,10,15,https://cdn11.bigcommerce.com/s-5t8r4xtx7v/images/stencil/500x659/products/5916/12224/IMG_7581_23__01763.1737401626.jpg?c=1
000000000284,Nasal Airway,Each,Nasal Airway - 30Fr,10,15,https://cdn11.bigcommerce.com/s-5t8r4xtx7v/images/stencil/500x659/products/5916/12224/IMG_7581_23__01763.1737401626.jpg?c=1
000000000291,Nasal Airway,Each,Nasal Airway - 32Fr,10,15,https://cdn11.bigcommerce.com/s-5t8r4xtx7v/images/stencil/500x659/products/5916/12224/IMG_7581_23__01763.1737401626.jpg?c=1
000000000307,Nasal Airway,Each,Nasal Airway - 34Fr,5,8,https://cdn11.bigcommerce.com/s-5t8r4xtx7v/images/stencil/500x659/products/5916/12224/IMG_7581_23__01763.1737401626.jpg?c=1
000000000314,Nasal Airway,Each,Nasal Airway - 36Fr,5,8,https://cdn11.bigcommerce.com/s-5t8r4xtx7v/images/stencil/500x659/products/5916/12224/IMG_7581_23__01763.1737401626.jpg?c=1
000000000321,Nasal Airway,Pairs of,Surgi-Lube,20,40,https://veralph.com/contentonly.aspx?file=images/subcategory/DynaLube%20Lubricant.jpg
000000000338,Other Airway,Each,NRB - Adult,50,100,https://veralph.com/contentonly.aspx?file=images/subcategory/Non-Rebreathing%20Mask.jpg
000000000345,Other Airway,Each,NRB - Child,25,50,https://www.mountainside-medical.com/cdn/shop/products/non-rebreathing-pediatric-oxygen-mask__46052.jpeg?v=1703611536
000000000352,Other Airway,Each,NRB - Infant,10,20,https://veralph.com/contentonly.aspx?file=images/subcategory/Infant%20Non-Rebreather.jpg
000000000369,Other Airway,Each,NC - Adult,50,100,https://veralph.com/contentonly.aspx?file=images/subcategory/Hudson%201104%20Adult%20Cannula.jpg
000000000376,Other Airway,Each,NC - Child,25,50,https://veralph.com/contentonly.aspx?file=images/subcategory/Hudson%201104%20Adult%20Cannula.jpg
000000000383,Other Airway,Each,BVM - Adult,15,30,https://veralph.com/contentonly.aspx?file=images/subcategory/Laerdal%20The%20BAG%20II%20Disposable.jpg
000000000390,Other Airway,Each,BVM - Child,10,20,https://cdn11.bigcommerce.com/s-5t8r4xtx7v/images/stencil/1280x1280/products/6779/11319/Screenshot2023-07-22090458__62364.1737401642.png?c=1
000000000406,Other Airway,Each,BVM - Infant,5,10,https://cdn11.bigcommerce.com/s-5t8r4xtx7v/images/stencil/1280x1280/products/2868/9625/2023-04-25_2__27807.1737401576.png?c=1
000000000413,Other Airway,Each,HEPA Filter,5,10,https://www.vitalitymedical.com/media/catalog/product/cache/f9c40fdbf5a92fa50ec1b66f4237b489/a/i/airlife_disposable_bacteria_filter.png
000000000420,Other Airway,Each,PEEP Valve,5,10,https://ae01.alicdn.com/kf/H71f032dc6ac84f38be3f7f91ff38245fh.jpg?width=1200&height=1200&hash=2400
000000000437,Other Airway,Each,CPAP,3,6,https://veralph.com/contentonly.aspx?file=images/subcategory/Mercury%20Medical%20Flow-Safe%20II.jpg
000000000444,Other Airway,Each,CPAP Filter,3,6,https://d3ou4hcduhj10y.cloudfront.net/i/9228022.jpg
000000000451,Suction,Package of,Yankauer Set,20,40,https://veralph.com/contentonly.aspx?file=images/subcategory/Yankauer%20Suction%20Catheter.jpg
000000000468,Suction,Each,French Catheter - 6Fr,10,15,https://veralph.com/contentonly.aspx?file=images/subcategory/Touch%20Control%20Suction%20Catheter.jpg
000000000475,Suction,Each,French Catheter - 8Fr,10,15,https://veralph.com/contentonly.aspx?file=images/subcategory/Touch%20Control%20Suction%20Catheter.jpg
000000000482,Suction,Each,French Catheter - 10Fr,10,15,https://veralph.com/contentonly.aspx?file=images/subcategory/Touch%20Control%20Suction%20Catheter.jpg
000000000499,Suction,Each,French Catheter - 12Fr,10,15,https://veralph.com/contentonly.aspx?file=images/subcategory/Touch%20Control%20Suction%20Catheter.jpg
000000000505,Suction,Each,French Catheter - 14Fr,10,15,https://veralph.com/contentonly.aspx?file=images/subcategory/Touch%20Control%20Suction%20Catheter.jpg
000000000512,Suction,Each,French Catheter - 16Fr,10,15,https://veralph.com/contentonly.aspx?file=images/subcategory/Touch%20Control%20Suction%20Catheter.jpg
000000000529,Suction,Each,French Catheter - 18Fr,10,15,https://veralph.com/contentonly.aspx?file=images/subcategory/Touch%20Control%20Suction%20Catheter.jpg
000000000536,Suction,Both,Suction Container and Lid,20,40,https://veralph.com/contentonly.aspx?file=images/subcategory/Disposable%20Canisters.jpg
000000000543,Gloves/Masks,Box of,Gloves - Small,10,20,https://www.aedsuperstore.com/assets/images/FAE-6102.jpg
000000000550,Gloves/Masks,Box of,Gloves - Medium,20,40,https://www.aedsuperstore.com/assets/images/FAE-6102.jpg
000000000567,Gloves/Masks,Box of,Gloves -  Large,20,40,https://www.aedsuperstore.com/assets/images/FAE-6102.jpg
000000000574,Gloves/Masks,Box of,Gloves - X-Large,10,20,https://www.aedsuperstore.com/assets/images/FAE-6102.jpg
000000000581,Gloves/Masks,Each,Surgical Mask,500,1000,https://www.narescue.com/media/catalog/product/cache/6c9c2a8706ce872329c582c5a62c8bc4/z/z/zz-1325_f.jpg
000000000598,Gloves/Masks,Each,N95 Mask,150,300,https://veralph.com/contentonly.aspx?file=images/subcategory/3M%20N95%20Particulate%20Respirator.jpg
000000000604,PPE,Each,Eye Protection,5,10,https://veralph.com/contentonly.aspx?file=images/subcategory/Protective%20Goggles.jpg
000000000611,PPE,Pair of,Respirator Filters,15,30,https://www.honeywellstore.com/store/images/products/large_images/RWS-54042.jpg
000000000628,PPE,Each,Gown/Apron,100,200,https://cdn11.bigcommerce.com/s-5t8r4xtx7v/images/stencil/500x659/products/6222/10221/2023-03-28_7__32001.1737401627.png?c=1
000000000635,PPE,Each,Faceshield,100,200,https://m.media-amazon.com/images/I/51bun8HjgmL._SX522_.jpg
000000000642,PPE,Pair of,Shoe Covers,100,200,https://veralph.com/contentonly.aspx?file=images/subcategory/Shoe%20Covers.jpg
000000000666,PPE,Each,Tyvek Suit - Large,100,200,https://veralph.com/contentonly.aspx?file=images/subcategory/Tyvek%20Coveralls.jpg
000000000673,PPE,Each,Tyvek Suit - X-Large,100,200,https://veralph.com/contentonly.aspx?file=images/subcategory/Tyvek%20Coveralls.jpg
000000000680,PPE,Each,Tyvek Suit - 2X-Large,50,100,https://veralph.com/contentonly.aspx?file=images/subcategory/Tyvek%20Coveralls.jpg
000000000697,PPE,Roll of,Biohazard Bags,5,10,https://veralph.com/contentonly.aspx?file=images/subcategory/Biohazard%20Bags.jpg
000000000703,Disinfection,Container of,Amber - Bleach Wipes,5,10,https://veralph.com/contentonly.aspx?file=images/subcategory/Sani-Cloth%20Bleach.jpg
000000000710,Disinfection,Container of,Purple - Alcohol Wipes,5,10,https://veralph.com/contentonly.aspx?file=images/subcategory/Super%20Sani-Cloth.jpg
000000000727,Disinfection,Container of,Red - Germicide Wipes,0,0,https://encrypted-tbn0.gstatic.com/images?q=tbn:ANd9GcS7rLH7gnw23eZZrRRSfu2QpG8yhN092jLoMb-camqk7K6emW6wS3EA2dE&s=10
000000000734,Disinfection,Container of,Grey - Combo Wipes,5,10,https://pdihc.com/wp-content/uploads/2025/04/PDI-SaniCloth-AF3_Large-Canister_082025_800x800.png
000000000741,Immobilization,Each,C-Collar - Adult,20,40,https://veralph.com/contentonly.aspx?file=images/subcategory/Laerdal%20Stifneck%20Select%20Collar.jpg
000000000758,Immobilization,Each,C-Collar - Child,10,20,https://veralph.com/contentonly.aspx?file=images/subcategory/Laerdal%20Stifneck%20Pedi-Select.jpg
000000000765,Immobilization,Package of,Head Blocks - Adult,10,20,https://cdn.boundtree.com/btm/products/750574_original_515Wx515H_8890213072926
000000000772,Immobilization,Package of,Head Blocks - Child,10,20,https://veralph.com/contentonly.aspx?file=images/subcategory/I-Tec%20Multi-Grip.jpg
000000000789,Splint,Each,SAM Splint,10,20,https://veralph.com/contentonly.aspx?file=images/subcategory/SAM%20Splint.jpg
000000000796,Splint,Each,"Board Splints - 12"" ",5,10,https://veralph.com/contentonly.aspx?file=images/subcategory/Disposable%20Splints.jpg
000000000802,Splint,Each,"Board Splints - 18"" ",5,10,https://veralph.com/contentonly.aspx?file=images/subcategory/Disposable%20Splints.jpg
000000000819,Splint,Each,Board Splints - 3x15,5,10,https://veralph.com/contentonly.aspx?file=images/subcategory/Disposable%20Splints.jpg
000000000826,Splint,Each,Board Splints - 3x36,5,10,https://veralph.com/contentonly.aspx?file=images/subcategory/Disposable%20Splints.jpg
000000000833,Splint,Each,Board Splints - 3x54,5,10,https://veralph.com/contentonly.aspx?file=images/subcategory/Disposable%20Splints.jpg
000000000840,Splint,Each,Cravat,36,72,https://veralph.com/contentonly.aspx?file=images/subcategory/Triangular%20Bandages.jpg
000000000857,Vitals,Each,BP Cuff - Large Adult ,3,5,https://veralph.com/contentonly.aspx?file=images/subcategory/Diagnostix%20775.jpg
000000000864,Vitals,Each,BP Cuff - Adult,3,5,https://veralph.com/contentonly.aspx?file=images/subcategory/Diagnostix%20775.jpg
000000000871,Vitals,Each,BP Cuff - Automatic,0,0,https://m.media-amazon.com/images/I/614JuOUVnjL._AC_SX679_.jpg
000000000888,Vitals,Each,BP Cuff - Child,3,5,https://target.scene7.com/is/image/Target/GUEST_c9897a40-a543-4272-af8f-082fe4586731
000000000895,Vitals,Each,BP Cuff - Infant,3,5,https://m.media-amazon.com/images/I/713lLqNaa8L.jpg
000000000901,Vitals,Each,Stethoscope,3,5,https://veralph.com/contentonly.aspx?file=images/subcategory/Dynarex%20Stethoscopes.jpg
000000000918,Vitals,Each,Pulse Oximeter,3,6,https://veralph.com/contentonly.aspx?file=images/subcategory/ADC%20Advantage%202200.jpg
000000000925,Medications,Bottle of,Aspirin,3,6,https://veralph.com/contentonly.aspx?file=images/subcategory/Aspirin.jpg
000000000932,Medications,Each,Epi Pen - Adult,5,10,https://images.squarespace-cdn.com/content/v1/57c99e749de4bb3184279ffc/1610038374614-QJQ2N58D0G72J4PBGZQH/How%2BTo_%2BCVS%2BGeneric%2BAuto-Injector.jpg?format=1000w
000000000949,Medications,Each,Epi Pen - Child,5,10,https://encrypted-tbn0.gstatic.com/images?q=tbn:ANd9GcQm_RWx9ossyfYyA48AQSd6o_fccHflvUWDuq5IfUznEn2lOTdZVrKmhVm1&s=10
000000000956,Medications,Each,Narcan,6,12,https://veralph.com/contentonly.aspx?file=images/subcategory/Narcan.jpg
000000000963,Medications,Each,Glucose,5,10,https://veralph.com/contentonly.aspx?file=images/subcategory/Glutose%2015.jpg
000000000970,CPR,Each,AED Pad - Adult,10,15,https://www.aedsuperstore.com/assets/images/ddp-100-large.jpg
000000000987,CPR,Each,AED Pad - Child,10,15,https://i0.wp.com/cpr1.com/wp-content/uploads/2025/12/Philips-HeartStart-Pediatric-Pads-M5072A-products.jpg
000000000994,CPR,Each,AED Battery,1,1,https://veralph.com/contentonly.aspx?file=images/subcategory/Battery%20for%20FR2_s.jpg
000000001007,CPR,Each,ZOLL LifeBand,3,3,https://sakomed.com/wp-content/uploads/2026/05/8700-0706-01.png
000000001014,Miscellaneous,Each,Trauma Shear,10,15,https://veralph.com/contentonly.aspx?file=images/subcategory/Paramed%20Scissors.jpg
000000001021,Miscellaneous,Each,Seat Belt Cutter,6,9,https://veralph.com/contentonly.aspx?file=images/subcategory/Lifesaver%20Seatbelt%20Cutter.jpg
000000001038,Miscellaneous,Each,Ring Cutter,3,5,https://veralph.com/contentonly.aspx?file=images/subcategory/Finger%20Ring%20Cutter.jpg
000000001045,Miscellaneous,Each,Pen Light,10,15,https://veralph.com/contentonly.aspx?file=images/subcategory/Disposable%20Penlights.jpg
000000001052,Miscellaneous,Each,Emergency Blanket,20,30,https://veralph.com/contentonly.aspx?file=images/subcategory/Foil%20Baby%20Bunting.jpg
000000001069,Miscellaneous,Each,Tongue Depressor,100,200,https://veralph.com/contentonly.aspx?file=images/subcategory/Tongue%20Depressors.jpg
000000001083,Miscellaneous,Each,Vomit Bag,20,40,https://veralph.com/contentonly.aspx?file=images/subcategory/Convenience%20Bags.jpg
000000001090,Miscellaneous,Each,Basin,20,40,https://veralph.com/contentonly.aspx?file=images/subcategory/Wash%20Basin.jpg
000000001106,Miscellaneous,Pack of,Triage Tags,10,20,https://m.media-amazon.com/images/I/71tuWyn-gSL._SY679_.jpg
000000001113,Miscellaneous,Pair of,Alcohol Pad,300,600,https://veralph.com/contentonly.aspx?file=images/subcategory/Dynarex%20Alcohol%20Preps.jpg
000000001120,Miscellaneous,Each,Ice Pack,40,80,https://assets-prd.cintas.com/sf-assets/images/default-source/solutions-images/first-aid-safety/first-aid-supplies/instant-ice-pack.tmb-large_648.jpg?sfvrsn=a3ee7221_1
000000001137,Miscellaneous,Each,Heat Pack,40,60,https://cdn.shopify.com/s/files/1/0869/6299/5503/files/heat-stress-treatment-pack-473_640x640.jpg.webp?v=1759870209
000000001144,Miscellaneous,Each,Chux Pad,50,75,https://sarnova.s3.amazonaws.com/btm/products/4420080_original_515Wx515H_8818320179230
000000001151,Miscellaneous,Each,Mega Mover,7,14,https://encrypted-tbn0.gstatic.com/images?q=tbn:ANd9GcTu8WRvDTETMrDmDmblRR4rhVBDFHyL_nOi_vgT9dWDSRwxA09WVCG7gXWx&s=10
000000001168,Miscellaneous,Each,OB Kit,4,4,https://medicalgearoutfitters.com/cdn/shop/files/28658259886278.jpg?v=1780273191
000000001175,Miscellaneous,Each,Bulb Syringe,5,10,https://cdn11.bigcommerce.com/s-5t8r4xtx7v/images/stencil/1280x1280/products/3214/5437/7122z__68044.1737401580.jpg?c=1
000000001182,Bleeding,Package of,Quick Clot,3,10,https://rescue-essentials.com/cdn/shop/files/apik2stvn__00261.1602887090.1280.1280.jpg?v=1774430418
000000001199,Other Airway,Each,Albuterol,5,10,https://www.mountainside-medical.com/cdn/shop/files/Albuterol-Sulfate-for-Inhalation-1.25-mg-Ampules-3-mL_feae2c84-0626-420a-9879-fab225c9d58f.jpg?v=1725031673
000000001205,Other Airway,Each,Nebulizer Mask,5,10,https://www.mountainside-medical.com/cdn/shop/products/Pediatric-Nebulizer-Mask.jpg?v=1702382488
000000001212,Other Airway,Each,Small Volume Nebulizer,5,10,https://i0.wp.com/coastbiomed.com/wp-content/uploads/2019/01/Handheld-Nebulizer-With-Adult-Mask-%E2%80%93-7-ft-of-Tubing.jpg?fit=600%2C600&ssl=1
